{"cameraMode":{"drawMode":0,"name":"Shaded","section":"Shading Mode"},"sceneLighting":false,"audioPlay":false,"sceneViewState":{"m_AlwaysRefresh":false,"showFog":true,"showSkybox":false,"showFlares":true,"showImageEffects":true,"showParticleSystems":true,"showVisualEffectGraphs":true,"m_FxEnabled":true},"in2DMode":false,"pivot":{"x":-0.0007352828979492188,"y":0.8968212604522705,"z":-0.00470849871635437},"rotation":{"x":0.04466669261455536,"y":-0.9530478119850159,"z":0.17520663142204286,"w":0.2429526448249817},"size":1.3709913492202759,"orthographic":false}