{"cameraMode":{"drawMode":0,"name":"Shaded","section":"Shading Mode"},"sceneLighting":false,"audioPlay":false,"sceneViewState":{"m_AlwaysRefresh":false,"showFog":true,"showSkybox":false,"showFlares":true,"showImageEffects":true,"showParticleSystems":true,"showVisualEffectGraphs":true,"m_FxEnabled":true},"in2DMode":false,"pivot":{"x":-0.0014705657958984376,"y":1.793642520904541,"z":-0.00941699743270874},"rotation":{"x":0.07951280474662781,"y":-0.89140784740448,"z":0.17218215763568879,"w":0.4116328954696655},"size":2.7419826984405519,"orthographic":false}